0,1
0.524796761642216,4.663447738431227
-0.4032411453588168,5.023547550743643
1.1628708794299218,4.5065228604729555
-0.8251473230265092,5.635126769303199
-0.6516911492074995,4.758277906217121
-0.3845991642168314,4.334536883987002
-0.841804965689043,4.636355815089604
0.27654596741888715,4.598668702297482
0.12990688562804437,4.844243098969227
0.4512975916640337,3.8318589557804676
-0.07486506405069801,5.35867100577426
-0.4240562319113446,5.40774604893177
1.0610002027318326,5.891023633170954
0.42012836377249546,5.078654715551102
0.13787798192980913,6.104808761047192
-0.5912363550761895,5.13078039836161
-0.3134844034339183,6.457809520245944
0.6294008839832606,5.743142407811666
-0.08263217541763802,4.9359478708535285
0.2843709568721816,4.572228452333188
0.06688267663849504,5.91266542456531
0.655909072182532,4.676769453728466
0.37961292230100213,5.408595913355896
1.7774949245485685,3.971349155582147
-0.6901948392281896,5.212415233057153
-0.5748500634597608,5.961831929408762
-0.15751268550386302,4.496066077929661
0.7898581154315653,4.3322670093538065
0.8660149350353703,5.444387753831511
-0.07817273454523599,4.157445169416581
0.5452650570037251,4.57162256079865
0.4457599246630548,5.606661782178523
0.17766820503773254,4.418032497451751
-0.1750249390993461,4.594497873780785
0.3384830566394154,4.564465970727071
0.6236392376193975,5.200457564394818
0.5896065550198287,4.43635679730846
0.20959958430816386,4.065367357883146
-0.736506287744528,4.8539743941694695
-0.9388019657010732,5.325738448522619
-0.1772738466971263,5.198498399356488
0.08425898825693788,4.65317187464865
-0.7365463305313238,4.553263397142055
1.0639414229614763,6.240963646656602
0.24867570113530493,4.181677418556928
0.6012295842223835,5.458504190461999
0.17854882330057284,4.518125253243275
0.22492818651530494,5.209985747489078
0.036859557193201456,5.074255996449645
-0.8456731121190745,5.759976684987246
0.048672189425652,5.490661687305569
0.23933325953996087,5.656187026384636
0.6687090948504497,3.928997950341671
-0.2925838514395621,4.985931018670818
-0.07749721600353253,5.313241868978689
0.3602229978480608,4.679147537642337
-0.6077960937332035,5.137086048783863
-0.196140673558536,4.728381121687964
-0.7141366316852202,5.33827419371931
1.212365775134604,3.6701148333446527
0.900691420304921,4.778496236848842
0.687575143905071,5.246454341893969
0.41352443600713845,5.516527318992952
-0.27108169787246233,5.857575704732941
-0.09535706706931325,5.83840981259269
-0.6227738687158203,5.008769134147069
0.4722800274134386,6.290899894045649
-1.229660470697586,4.365302410472154
-0.12261877147420713,5.723925129928723
-0.6685439072104226,5.915702135793783
-0.22442316195294174,4.656006291631119
0.1760217996232099,5.705311028062319
0.6993670756070717,4.63211083860201
-0.6582745138984171,4.533632413356635
-0.10415612380654225,4.318519884310112
0.9115619315658811,5.502939948598173
-0.9960878410464867,5.747704803160127
0.7714229716204022,4.631000526787124
-0.6367663327231221,5.075702193740341
-0.09517171018007699,4.753867312897336
0.5177782692306341,4.633017932707503
-0.22796538637883978,5.476119918226697
-1.350898699291029,5.797154951352352
-0.37236208509647883,6.393231045397847
-0.3895300369007615,6.020767199398345
-0.3278558727641193,5.780941126852538
-0.8334357977468799,5.113220679603421
0.5602498964818483,4.912142857818458
-0.24857095406644172,4.398300955327704
0.5500791166467442,5.486101302348255
0.5554820199979896,4.999840561401743
1.439364526594273,4.565055876011208
-0.212717153361194,5.390543841358305
0.9093036010455353,4.586685053109478
1.2309268278300312,5.00766569050435
0.07807280216744315,5.990204991736446
1.313988231861372,4.780015630566805
-0.6214206210442523,6.532968896990056
0.6039961312583769,5.062919261672123
-0.4758302144661278,5.370028208848646
-0.10751880229024047,4.357234269826016
-1.1292110202779315,6.315265328286707
-0.8679048491979231,5.27681316889153
0.6775607387457256,5.1344978855260575
-0.27618855240003726,4.738392521754537
0.40402092823709873,3.4856935945285183
0.3602959262292439,5.2633426401125725
-0.27579199810361427,3.994940900214273
-0.32759927377301257,4.717730822699154
0.09277791514883331,5.921699196430978
-0.5172531247336164,6.540048215862444
-0.5790200255210116,3.383511013418431
0.992803539120643,4.896590009309017
-0.8601469762660544,3.64806476943754
0.5732524951807996,4.370177010196624
-0.5253790066803201,5.148689885031513
-0.5136902004975296,5.811689013771145
0.32046871795940973,4.563811334233104
-0.12558253616558457,4.022927059852378
-0.652687946276445,3.6390698078167283
-0.04752381406721089,4.037427632333587
0.5943911995238791,4.252760665427762
-0.15188597259104952,4.378367388590486
0.17729082056082593,6.214829583437467
0.39333353421684,4.703315717201312
-0.6965821003779809,3.4822733839222364
-0.12177679318200291,5.504976282063602
-0.09958993630316618,5.70838137577345
1.6323299180292863,6.199334004918151
-0.1758407576918166,5.326022750107492
-0.4543991264974225,5.351654310588318
-0.6976076227282841,4.067973358236055
0.5331059837190032,5.538540138639
-0.9639582538893218,4.4092016872370925
-0.4324108393259683,4.986996997415548
0.7190652585070382,4.7160470794590434
-0.1543575430750055,4.486386031249714
0.6509659325591406,5.586684187338023
-0.13060384992099922,5.4086758750925
-0.018849332438278566,4.025200567406791
1.0082433352629312,6.142566950308037
-0.6194955084344791,5.544487810149503
0.2898979913722674,3.868102351777326
-1.2562459515890472,4.662512656317611
-0.22032328282223523,4.799368956828652
0.07345952744506319,4.6496420246498085
0.14687386571506328,5.405604522645987
0.02031474588511729,4.951702798739893
-0.4161986379409374,4.374001103520114
-0.3796671256547719,5.507652327704993
-1.3748232594768373,4.590507485240882
-0.4524046109243272,5.151884986917958
-1.1561374845260177,4.221347546123058
0.3219919762203267,5.080825053559779
0.8200133894834393,5.663871565501941
0.735765204912227,4.3934526754218
-0.11961263383111034,4.3273879583307515
0.4721534047788597,4.484618710640302
-0.07083819406819791,4.724323999845604
0.4478901065065429,5.519017991727233
0.2802375808435329,4.9672716765639855
0.6022127939021934,4.794959993030836
-0.8007264026013221,5.5495695468898205
0.7068656871572264,4.145186896220822
0.7935158208970824,5.086687134042636
-1.3944758905946617,4.555162571281392
-0.8386671664557365,5.248614335896063
0.6337451804990172,4.082426694319294
0.09891171856489916,5.174445266021728
-1.0283316616347027,4.8891890669186875
-0.8918862440494909,5.084807362340109
-0.43789790065750395,5.202802596848835
0.5032066190339846,5.209783993640947
-0.23538674967910184,4.94824612059936
0.2795609846572908,5.097108397827875
-0.06881223391206868,4.481603784552498
-0.27822108135313917,4.594646056991993
0.19494301318029753,5.786073924202773
-0.6760553369880659,4.953164263937452
-0.08114569664850682,3.9014485328763264
0.4990822075696361,5.642867843753124
0.8748469556152316,4.902406729687378
0.08300222145038125,4.469567205309555
-0.5742071110376649,4.2754038881871255
0.422095982432993,4.698695888190408
0.05033604094118866,5.15590665942664
0.16773467077489435,3.3552544901868524
-0.06646675340243936,5.464221212558514
-1.0530691324696584,5.775682709861401
-0.1164713571179358,4.064953798361842
-0.4882744599180008,4.651907093544464
0.37718557318887835,4.134089667548155
-0.8135075874578195,4.180404074288763
-1.047962313296876,4.489955675240802
0.10095138230096497,5.325472102128688
0.5970459836355861,4.10129998311777
-0.2246071096706001,5.6274858544901285
0.13385364359160296,5.250434911406959
0.34628819343125344,4.881838881888742
-1.1146153743989022,6.972606161600988
0.3549927585603461,5.493887810275894
-0.041447082667319474,6.791358723143557
-0.22393342623929904,4.669836374916071
-1.0103098600566107,5.8657650575299245
0.5663170782937947,5.138184631508461
0.31196812271459756,4.293512030054475
2.0241109660312637,4.4565874207094565
0.7163002323050596,5.556551691560851
0.14761200071313085,5.232882985882853
-0.5602981748278396,5.79511628059995
0.5263391506004208,5.21204974567821
-0.6941812556713876,5.015734315697555
-1.00589797377004,4.351197757595606
-0.33766424613896073,6.767476708838974
-0.881005960823135,3.9746034323376667
0.543136506437174,4.006393436877523
-1.3348487671269929,5.101266781180382
-0.5543238525485801,5.23104247448987
0.0002552049528444657,5.211286855837923
0.8129695932196638,5.535043813979678
0.21954713106188622,5.070205903074813
-0.10517215851356526,3.47299175709691
-0.20993982612673148,5.235020921816917
0.25384673244076583,4.9134355153128135
-0.39092942127462954,4.819686927223229
1.527970457841893,5.2485513433362225
0.49428856557079814,6.153238613100492
0.12059628681831805,5.7934560912677435
0.6383606432731156,5.016959506498026
0.15872464868247155,4.921131067714115
-0.0998805109962862,3.823860564186188
1.0546302031693289,4.36134977189113
-0.41737280427891515,4.844032729861955
0.7613414553127635,4.2918544899900395
2.32489320267139,4.628835816190575
0.6775141219834674,4.344926269135558
-0.5398202418032007,3.93208137340788
0.012275396564266582,5.28805547458555
-0.4401925726294985,4.829963535754949
0.06711670447175357,5.285953240931859
0.07337897046221006,5.24689712220055
-0.29883757497104585,4.8413813397826155
-1.3866883175588223,4.607430694480498
0.8884803653837301,5.829606181779066
0.7520496943277272,4.788891203892088
0.3756728342231735,4.3468709484890935
-0.32202887075344727,5.26709211141543
0.4250204695748828,4.43409520376758
-0.36802871217893696,5.505989271902438
-0.587706394561903,4.187161507353856
0.28118007500412995,4.084732045990357
-0.5672577203077439,5.190034752612705
0.15668095651187014,3.7924433948833207
-0.37937023995476327,5.2148178451406615
0.43749375515610106,5.289898623204692
0.06714065541710414,5.630336311877891
-0.4353589479206692,4.597045127559056
-0.4768887541867403,4.863482633953664
-0.16021005181777562,5.387641447007476
0.1380134403995364,4.674577225365843
-0.6186621536473461,4.787803764472422
-0.3364306060938885,4.741365393807454
0.7223330303885603,3.7660176913463745
0.3094935240272407,6.2883457730979
-0.8983042811402095,5.021009111369846
0.17583895132480581,4.125080346096416
0.4640519588387787,4.909075968195838
-0.888307576798499,5.272500787152594
-0.23429718573286645,5.724996214182389
0.06564123127307316,5.2482894723899065
0.5508734242757258,4.388260109848248
-1.0745623586798378,4.9636037672667985
0.7654604770277497,5.307060790822255
0.33016679505613283,4.041682910147712
-0.11515433842725083,5.986261474294124
-1.0658308887639887,5.801047338850468
-0.2773465524514648,5.6314501083544455
-0.18484947953975997,5.199691724146544
0.05009932948300642,4.328676487314968
-0.19373147640174937,5.19338399900287
-0.14270537468414088,4.910236853963748
0.8351366785896803,5.516008628180192
0.16999737541175253,5.006739469807592
0.24883305848876655,4.654027355268205
-0.5268805745799064,5.047664494156454
0.3478101991318599,4.017893174859838
-0.20261846592671098,6.07233081728347
-0.6693700362021685,4.990624024867833
-0.003530645937751701,4.031889257104279
-0.026513213543681413,5.252030192491385
-0.7397387478197778,3.547645938714414
-0.4177321587156665,5.633290833182771
-1.2906301486403826,6.519525077051325
0.6244488572284297,5.875158023399934
0.6074757033570571,5.782721531755124
-0.36888472802852634,5.467466093038086
0.9957446634074424,4.385994949192339
0.8477531962106916,4.946225874700895
0.48085316351854585,5.409671038073335
0.3914186614635535,4.615820439513461
-0.9398715498694262,5.708962019818735
0.23249413544050143,4.456678000006644
0.4462344791535154,3.7994703729337287
0.5403869751002104,4.196323374163325
-0.023289955066383886,5.931000184605082
-0.21040872062939694,5.604086292090053
-0.532756157261356,4.70026460299289
-0.6085660557515753,5.90122426366854
0.4016202102161629,4.339364921631279
-0.23776747761069536,5.1457365678216425
-0.21540901314759733,5.0393627008722985
-0.08174790324456968,5.272878584234583
0.6230383326274924,4.9219070172011525
-0.3978594033772875,3.6311335639375475
-1.0748125492324225,3.868710895364368
0.7210064244735126,5.266276048201534
0.5737717093415343,4.570535938099958
0.3243514557389165,4.7812983440085075
0.8503091467065703,3.56899499728851
0.6222999062898041,4.5538816031005
0.08864790901777772,4.886620994322896
-0.1652499199415255,3.851217250181752
0.6245607426736327,5.9972486168005945
-0.01892481714541025,5.103848599059188
-0.34791226319494795,4.640622849724696
-0.01743908675233604,4.683926024035514
0.3497185190064048,5.129810108332411
0.18965786840801716,5.27338146085434
0.2990552170522874,4.433776659060467
-0.2495133326212711,5.494420931418824
0.16870635498044248,5.8041231739518295
-0.26597948397112664,4.767200741731211
0.3483949350731777,5.033690647655798
-0.20709150750898353,6.195242891632775
0.08173914738760299,5.42905803678681
1.7449532091980262,4.134821830241852
-0.27173324487168704,4.403175520393346
-0.593900802769063,4.296491289288447
-0.6646827793596198,4.982118155952135
-0.4496966294293872,4.313375752760988
-0.6536672295354116,6.207153121502882
-0.7345942568462583,5.742569290687845
0.3340194550743528,6.389281376013809
0.703335946340789,4.826047616760501
-0.0989372639924089,5.2828644254685155
-0.09012410245310386,4.585711007238722
-0.09889909063987229,5.545770757689877
-1.3190725894153663,4.850106337285139
0.5329905172635199,3.892453548847036
0.24920746515712414,4.199980727470266
-0.017737025917846615,4.668337601858157
0.05288793155004987,4.740179527922157
-0.3004480984772306,4.538298722359215
0.9833773672760572,4.04771668068903
0.22712560872174242,5.5963923069695864
-0.5967121047221928,6.064567662820576
0.28109127986172694,4.979986492366648
-0.23385330290147394,6.175925887623866
0.4392604144494832,4.978551101149318
-0.1982341928336702,5.24622573250018
1.0196740881889668,4.318083371319202
0.046943205589411785,5.290547210866059
0.19796137081621315,4.244392672154773
-0.6922508976124147,5.287616297267772
0.08106511580017697,5.768270044432359
0.3144399620222559,4.238849416651874
0.15464080705436525,5.317905318746328
1.4601875351980336,4.742051639694991
0.6224387137264229,4.941849967729733
0.23344088603136978,4.603911438215313
-0.15086109761773853,4.6058682556179535
-1.1554857121576148,5.16586305382011
0.5416412966830083,4.807595500342662
0.6851335032933923,5.352477234228043
0.1746348292955093,5.3759808870702095
0.2260914781484764,5.126659976084374
-0.28900805240054045,5.536306543247666
0.2360964731301052,5.494197088779609
-0.424718351163833,4.7359261445934
-0.12597054482292672,4.315787017901806
0.3511625485854418,5.6792753039400985
0.09410608717472835,6.057803847224906
-0.5332841603098092,3.668217463634524
0.08150219990537032,3.1282446889044166
0.30322012329938547,4.648118711336365
0.24011416984278755,4.591432583420902
0.005435571863957907,5.496747866342131
0.2335883189996997,5.093986232684926
-0.12139135047740603,4.547166834875353
0.5269877636989971,5.291833498250305
0.11001292049724645,6.26879429954619
0.5371771377893083,5.524810472520192
0.013876037186155847,5.106895668623202
-0.025047858999004132,3.6861960433795646
-0.08584319952926359,5.242549114004917
-0.5585457384756222,4.695779192911012
0.274319618650892,4.443449249006541
-0.3511533397959676,6.211915098482914
0.18942245311924705,5.532257398673669
-0.21266442535727906,4.990306912532042
-0.1718112549060871,4.969537545653513
-0.612858432157647,5.418348057137444
-0.3873432058548593,3.8545571247321697
0.2915850531892029,4.518278177793029
1.329737481420411,4.1970920375065095
-0.281170882810368,4.426443838702466
0.5000479778475632,5.778797890263743
-0.6635807515220745,4.539412566487258
0.6989428045618807,5.511874669694652
1.0275321456649105,4.583616581579804
0.09482587172413909,4.869983291608818
-0.6140569573883224,5.658939855954381
0.13193388989221008,4.252222594893904
0.0322489326742589,5.431554648873848
1.0188774953283086,4.227820587202347
-0.17380521388302514,5.605560904660267
-0.27784851561958984,4.777082455140841
-0.6054442762312096,6.016788350928506
0.48446040562883713,4.965384858862662
-0.487133719559657,5.538256959762906
-0.4250856615111865,4.916217481135589
-0.27174497218659743,5.3351139063498065
-0.5796965511269475,5.4870446564024755
-0.700453512556244,5.259538184329386
0.5438297288142385,4.347296596458141
0.22442668495476023,5.157504401314592
0.4556268064820363,5.270134137423659
-0.6406644592195713,4.514613455060693
0.10667105830129729,5.3630352825441925
-1.284440400851589,5.3644827171055836
-0.03553892688048394,4.602745126680938
0.3204041777928214,4.67855805603027
-0.37159444862406443,5.3209015568543565
0.351280487929124,5.018726725532067
0.9547346863392712,5.845476603872878
-0.39782534610934184,4.371228304712451
0.6782650397642267,4.728865807714072
0.5732206855513073,4.914118989977599
-0.1500367291046885,5.4568108013107235
1.371848119930588,5.203565063030433
-0.060551374475439304,6.212078993261466
0.2731666820466017,5.0480836985595845
0.793975596333851,5.2573723203518465
-0.6364720727753114,4.22696766873344
0.4140589450517303,5.768667405096739
0.1115706398706033,5.817058468639332
-0.3374909666832947,5.689700179903425
-0.6255612304032399,4.490837035675803
0.3560786827526227,5.568077040278056
0.24636615063821649,4.181659344237412
0.3554666126660733,4.735253949189611
0.029997831086925317,3.7620074893974174
0.6710199295468945,5.510649208767703
-0.07545651697526945,6.404760599957845
-0.12277007907508979,4.993531299721696
0.4045292901214568,3.832763925686093
-0.7565016014753753,6.021601932527221
-0.41213015490756966,4.9139652039508945
-0.13385966827969,5.6490175596646095
-0.20466348095314676,5.290645130862187
-0.376668736962054,5.353275974724798
-0.27333376065708964,4.687939980192641
-0.8561319622934592,3.6023660041420786
-0.08087627790202083,5.869671363631168
0.6401588799043207,4.124746725825989
-0.2617205013940172,4.7521566626330625
-0.5623077027312136,3.9626363997026397
-0.6835623864585694,5.877388993938829
0.6199856126081529,4.643647565169349
-0.7326515171953796,4.751811545995589
0.46103077753817756,4.478979413516442
-0.31840764117559683,4.962763142892144
0.11043940281058647,5.982448571597431
-0.1652791388140708,5.479265289693766
-0.039152853338477685,4.331502392730389
0.4209843121152893,5.16988823278213
0.5805671417507908,5.119081776944392
0.057460177945864055,3.5727704297333056
-0.9435208917577668,5.710571343355841
-0.7453208907138341,4.795276562540879
0.2446366210246079,5.256579468309859
0.3665406173346192,4.772242005838053
0.244932572582251,4.944685704194003
-1.1519426200014575,6.111363369873346
-0.41384303849883386,5.206515472734004
-0.20632839786276805,4.6504579878581165
-0.003877460069952563,5.510709643195691
-0.4550986973084437,4.8434818778369815
0.07025080780532973,5.0331582196717
-0.4709541547831713,5.339020800731036
0.4590347509908962,6.408045343064032
-0.8307908961377003,5.25188858734739
0.10554759682521268,4.954524417461679
-0.3486997776020668,5.087541356614811
0.6584595958497352,5.121522512948427
0.6351104645144287,5.044492075201
0.05885946473158672,4.789468161968784
1.0432860687060315,4.588844891401835
-0.28007535751645135,5.682144282929258
-0.3689471434885088,5.883795570988634
9.698890393119209,14.850855618600066
10.429120818587453,14.858409189681344
9.888043403672352,15.141945391605274
9.816278935233518,15.230667213786543
9.665229115205623,14.717206686556771
9.746819878984592,15.168982053517022
10.210767857927035,15.626875116681896
10.868330409444381,15.095152645972671
9.982374723245663,14.017306461948005
9.853826368865903,14.646813472778828
10.129734906473955,14.934520928334415
9.67613406566291,15.17293283722684
10.242135536093679,14.794817576941504
9.512895312080522,15.12329269906876
10.02852050030652,14.875742503044656
9.976476804664616,14.847730547691262
9.874457918148872,14.725083751770287
9.877424515489542,14.914928888441192
9.921612253198573,15.165200358690276
10.511002720104557,15.372968616971473
9.767252615798032,14.81639837400146
9.983086691890252,15.195142706650222
9.945491475054453,15.260198059898416
9.816832431760094,15.366131382249842
9.95292439344772,15.232603912818064
10.091538295826162,15.110150641387307
9.645021982374178,15.029665623051548
9.446006502323035,14.939064882330042
9.495227381730182,14.885095641106561
9.56503094241205,14.977345262953815
10.125110565846128,15.260222869082407
9.7723355474054,15.291811211780612
10.374313362362878,15.111605645977438
10.120516319362054,14.80476398707551
10.335517210158818,14.655282095339647
10.314720104348341,14.765180018629986
9.95520648544047,14.629909325429788
9.730605854304871,14.637322090694449
9.389016113093719,14.729952644370803
10.582605548462505,15.245959197172574
9.75387813018663,15.625347444541841
9.447883382640812,15.346151123578522
10.500617154008536,14.875246678805144
9.82130145061007,14.747324896785901
9.31290980282386,15.631817808313706
10.123186690986389,14.918649649941782
9.803490997086282,14.893445443200312
10.281489103113188,15.050925553900175
10.104659970414758,14.813057807318266
9.909935651249295,14.873512244748213
10.001501215947473,14.75787263338284
9.954456371144232,15.282486267974427
9.711566096811495,14.992980031655186
10.430252890792262,15.269855757639304
9.767599273586061,14.736457649451696
10.478875776530382,15.260938326311706
9.795866401729802,15.142202941215592
9.99112490146201,15.315226292197783
9.945322748608502,15.090576630269503
9.877457755663524,14.619579376101138
9.979818336404222,14.963081165230669
10.219221103697706,14.427995744903868
9.537798147437206,15.36317914083677
9.978699447312417,15.09710228669013
10.1478111997886,14.919052921628703
9.767240317103479,15.374939043473628
10.18627914545115,15.124001867325788
10.260170960545244,15.210754189864174
9.526755176504636,15.055899784626822
10.088075943511667,14.942479217115464
9.781456971842715,14.50692685854983
10.342118915715387,15.072369235532422
9.552962208491296,15.173520335038871
10.209034289623741,15.070456293117614
9.91880542061331,15.517343113809435
10.222089632798614,15.391147581207301
9.931644559118741,15.20599420949837
10.031982992177964,15.252107486432235
10.45678237320857,14.952102532133358
10.01865152670256,15.010991274728271
10.083452195636239,14.641774278403712
9.328590044214149,15.244737862715022
10.455662803184808,15.246421853335004
10.37020540849253,14.947747054827056
10.037439734240289,14.670676652713471
10.062480149867255,14.56041324811682
9.58352719416845,15.017680629478143
9.738663228729264,14.855990433057938
9.900435656522331,15.355761761726313
9.514264887591045,14.943557285380203
9.333488047360612,14.748646718008114
10.046907162898794,15.21688517558772
10.329141979709002,14.367713276334657
9.502223817029977,14.329098128551792
9.853568447978333,14.951799165989636
9.639736430411944,14.986233043608765
9.93209943530826,15.356936368527697
10.24672774377549,14.871354606616972
10.500056018923228,14.676297712152953
10.16674463908863,14.698216403297726
10.586055883671143,15.07511357485028
9.924698799947855,14.522501557155321
9.441621162993322,14.959081230708287
10.028876462892615,15.507995447137642
9.660702445861958,15.075347483846638
10.207792457989102,14.893954937693794
10.090989317612799,14.35288456622383
10.127905157751579,15.377201508903848
10.250804989078173,15.10116649890887
10.23854542760479,15.080886382582834
10.311320788738673,14.709792234309392
10.171471115962214,14.990148709197747
10.144731867643927,15.023594774112649
9.761767936529631,14.421740210102673
9.465209732436662,14.756690540198852
9.872457361382331,14.533755832334517
9.539212489400088,14.668788697209212
10.19208373043162,14.4862880819472
10.05626401989966,15.103536206853732
10.291626650870208,14.910980933194733
9.875138841343132,14.960660024181566
9.820798327846727,14.524614062366922
10.263971407895514,14.998902674157298
10.420026760116768,15.514471796147133
10.251903472976016,14.74823609981047
10.023627657260281,15.683539991523343
10.376103076195339,15.347374948949335
10.110160564409924,14.744430504596755
9.783981367902264,15.387334999642936
9.623608972174795,14.708616527253643
10.226579720992616,15.023467094723957
10.116501343814438,14.80903823137531
10.546512294376765,15.216066426479447
10.28445470180166,15.27406302950301
9.814741703780482,15.44780339655441
10.088603758233143,14.932657028552471
10.573337788262569,14.973207116803673
10.185817547462012,14.892113479716567
10.424531152059174,14.951857393937477
10.044346458699296,14.80216001906126
9.835564283804521,14.918840240578813
10.042602083867036,15.25315537016995
9.850454393816406,14.966683321371336
9.763745885450803,14.613057826137663
10.20802056383281,15.44724165468862
10.574689024725833,15.11124116579353
9.784890883690224,14.348500499714929
9.954308081842726,14.46781438435645
9.921850747237702,15.13794025497228
9.78445697234557,15.239234733396593
10.39078809924973,14.562148394628288
9.658167557092437,14.366047525566481
10.103842447703055,14.68602925827794
10.100207410480643,15.489547207839234
9.934121327268958,14.791923124889921
10.14884757224814,14.935051942761506
10.089255073199183,14.298504697941938
10.362864232518966,15.141102646486562
9.70791608510463,15.147479061194769
10.15628740913057,14.974528897223182
10.201903370313095,15.115785082789813
9.980636656370116,14.582365357005427
9.6633817744716,15.712377447211608
9.72731017849665,15.040275606286881
9.934446742286852,14.56679521046359
10.48531666720628,15.433337375220965
9.777844928622496,15.160593803318081
9.349926320212791,14.94553592351498
10.300562340963609,15.07266096887902
9.770890860729288,15.066089465840232
10.345157883029401,15.319079406974362
10.632959284423604,15.901731078909553
10.433301698484042,15.440868263867209
9.8192667963425,14.840147151347665
10.115395753030453,15.256206667182559
9.812367827788929,15.065797853114384
10.223681145778507,15.094306149870569
9.811914358580978,14.811866091110742
10.111197878490357,14.545345665512558
9.962660716067916,14.987047366609495
10.115070353744994,15.286325251929407
9.540831047753029,14.85586371436437
9.86824269053392,15.06805439254896
10.626490998668903,15.42704125481033
9.787090299061031,14.573793139263385
10.170875220142637,15.269868501054155
9.770422308640669,14.276443166826873
9.820894651162167,15.680800961515992
10.209557387872048,15.050281477153371
10.013641421501848,15.238373160693856
9.831142287070778,14.833948888925079
10.213270875176592,15.124912817849763
9.697018972102667,14.555592534504969
10.058841638996972,14.67855271859343
10.37549076231171,14.999257244465394
10.051082533978908,15.33674452679653
9.653687170015445,14.722142107514253
10.030849506537031,15.026703992907178
9.896441105615207,15.254954743482893
10.111704030304619,15.280841311065629
9.90812635518537,15.38971332933949
9.64549626226477,14.955018792392215
9.914179460599987,14.712979128967834
10.152576790067547,15.278841640004334
9.764265745456619,14.908078852085035
9.63709664901814,14.650044014906042
9.619669586754497,15.666417539911238
10.940125486403907,15.363534212749423
9.567210598176695,14.955578330736143
9.863326310302956,15.621326821889985
9.918806522242575,14.729307449267843
9.597782947299946,15.201470130799986
9.969752079003301,14.765888072871528
9.71462900878125,15.107583103516529
10.751823369943576,14.779482915922998
9.33154136855511,14.792997571810067
9.452148886831791,15.250005560036007
9.68941818763375,14.929175162652195
9.610869280502824,14.816114614017986
10.035254545985666,15.08633495318485
10.052036321938946,14.726813636734628
9.956018901595188,14.474777476687995
10.276490350450574,14.651035159073302
10.514986518366047,15.029598141015525
9.366512418249995,15.176403961060478
10.076236047860787,15.521096234388638
9.686679673949776,15.05092239575301
9.992901993139766,15.212821257659346
10.620832946621363,14.687294658340356
9.311967636676714,15.165955604079933
10.10266135564071,15.241536876516522
10.056142832220845,14.77695669903451
10.026821425413328,15.061145277562943
9.953051815549383,14.589977866364727
9.203421318281016,14.993978425978087
9.984856356403354,15.143630968803238
10.152700739293316,15.711979413443323
9.915087297280273,15.58933762483256
9.992846924118538,14.86047383214837
10.192964416063422,14.75043834570718
10.44333249064963,14.837191999149358
10.226746129786303,14.716798783607748
10.099434405330872,14.835894537944945
9.961224591589968,14.996324783144788
9.668063701537308,15.053134903871518
10.145078479088948,15.099050154409216
9.81146923649819,15.009271194043661
9.98333126474992,14.661223310985617
9.353117449270878,15.733988019504123
9.63225743306193,14.8425336951923
10.062933737246013,14.825927006343047
9.973023301693013,14.965445731753368
10.654825436393676,14.984670316859454
9.83376533096079,14.732448779420906
9.586766124819897,15.246461304394677
9.557572213423093,14.593781965052866
10.007854125565679,15.07210783538688
9.623704734049412,14.635250486422418
10.079224275287167,15.108839904624705
9.833609088216198,15.405219868538175
10.63608081134978,14.972205890193703
9.906455579863795,15.256519160006217
9.939370356963432,15.747271153777586
9.91809968342742,14.643976794504928
9.980061656323384,15.43801749814724
10.289983441804505,15.119294468326357
9.830296892912383,14.497047226462488
9.999271113720665,14.772145705192433
9.516731281260048,15.229547963520353
9.947933163579993,15.367115841078311
10.304602772555485,14.97811990540833
10.054436612651333,15.361950848758946
10.375418065176,15.087638160398262
9.99939763076437,15.375437628885193
9.988588488178912,14.82621229024012
10.337949755935384,15.599911920537526
10.117484896292066,14.81093001418543
10.383940310256905,15.215292351543422
10.027456399598275,15.110753212150383
9.872711173792704,14.725053809500436
9.578938499463723,14.748622979999935
9.771711121374425,14.358171387117986
9.930195337015105,14.685497843102016
9.67396977973755,15.160925622000885
10.304835500816848,14.73693288099998
10.233183041680311,15.303804232293588
10.202754197461413,14.508327525203198
9.933872832301953,14.86369187531116
9.757343777105444,15.052965989527571
10.336552636732481,15.035315198877289
10.330711220013868,15.107640352093707
10.44604548337677,14.921613505596719
10.435944435716308,15.587129373774351
10.089003841859617,14.507190408826178
9.539159581898252,15.153712012170878
10.039550785580142,13.993367570660059
9.639323487310742,14.78585505321115
10.519464402806934,14.941359398403126
10.427605355660534,14.505070874246407
10.212622118117844,15.231573455845934
9.830894201676543,14.77598346745047
9.70784472659728,14.591860287447759
9.874619175728046,15.55577812816363
10.429492711489301,14.94708927197155
10.010188865551436,15.18353410843173
10.325393496050996,15.261637067096855
9.629388386615645,15.213845618893538
10.30898281775716,15.212570348641242
9.86314706260143,15.52037566782903
9.988148889183666,15.288204150330586
10.563215574253809,14.212349301378703
10.264308941557871,15.094114267330912
9.818464326985113,14.204375690868224
9.719738579282735,14.825090457480574
9.990511909836137,14.79008019651852
9.897375160543882,15.223847342899536
9.782599740833057,14.796229539961686
10.06997658671933,15.162858384609246
9.982410731718842,15.203626426837976
10.120413262419419,14.83392435381025
9.97818070742836,15.300976556950392
10.107583366671209,15.201944248316055
10.476972503685726,14.80411657140232
9.913218149542791,14.738782255735288
10.123694218427529,14.882623870983064
10.45734260410989,15.558431778693057
9.958763891308058,14.343374356076957
10.131801166497967,15.306319759443289
10.05625877199871,15.14952766148519
9.791282110447368,15.0074178194194
10.351600751743742,14.698604102956951
10.077834056134607,14.912880563273715
9.432663588625125,15.41776109410936
10.29846719711172,14.617626275337331
9.98823489954006,14.918346686882737
10.616039411537994,14.781910316397608
10.170938788190467,14.431130025789031
10.11498753896447,15.261676911360736
9.698400890259377,15.21523564310875
10.146612614868287,15.205992997711771
10.050732639636148,15.030739508905285
9.863579106363675,15.076385432374842
10.149397727889905,14.844941252711866
10.47388337778189,14.871885518809176
9.5255531289636,15.163177102840596
9.869166472773678,15.252139247755608
9.848858418692611,15.131575163599802
9.882265890243314,15.147140574125821
10.130888006483405,15.165843875105393
9.796032464935076,14.98579502434568
10.147584603531474,15.093998962303646
9.575482756569604,14.83343209517081
10.073344442469699,15.363659664936122
9.839069495305344,15.024195661136147
9.988079932896754,15.131663923303407
10.353402466559665,14.140956751426604
10.44390623083463,14.901547726754826
9.593374207936176,15.087537466400718
9.962438367193181,15.27849318768624
9.584486278466938,15.078913283349175
10.547835673829802,14.556901393283166
9.97589900680635,14.790285576274492
10.090705226928694,15.068705723224316
9.91603418640478,14.81847515339454
9.913262425259536,14.704396152645838
10.64970592510234,15.060832826870547
10.013311384876959,14.809665875167866
9.897896210643514,14.946223083493068
9.892570814778427,15.214545908215186
10.122923421881163,15.409037298385417
10.16825200662134,14.959461718391024
9.943474356798946,15.455719621123286
9.095406652615035,15.691972802438995
9.648976482920089,14.754645109087035
9.999791564606682,14.663786739809176
9.876032659659739,15.18181197504577
9.334471887015747,15.352056808537862
9.598600573657258,15.21987383156846
10.484269257177939,14.579615989585015
9.761104954903633,14.910243751838612
9.72828856304932,15.973896318614583
10.29205117898008,14.698837315389655
9.862810920876791,14.930203783290086
9.919625809439118,14.814659466174001
10.074512377392939,15.22831380288173
9.744410885669893,14.678533468090427
9.979558307680268,15.138964499933921
9.26727810826384,14.876350166248308
9.477281685307105,14.727231776617838
9.743733712694851,15.125610448706707
9.663554468182287,14.640765211712816
9.937917942371277,15.650694701993226
10.26037639430139,14.767119648911757
10.207172526682289,14.645885772423826
9.392658177689638,15.142467473112129
10.122224334418455,14.941815396843985
9.698869706524436,14.712773502331139
10.201215915163505,15.414376279929503
10.558084072922096,14.916601705024906
10.437567653600798,14.829211201165759
9.632303650240358,14.735862824108194
10.058273220881711,15.009065185892128
9.6185416295321,14.716723134020846
9.909094786413899,15.114631648024899
9.952026600103249,15.233735784663784
9.945152963947649,14.904573242523515
9.831582735520005,15.064992882989188
10.389971424422736,14.296662032222109
9.934845734205881,14.548457374457474
9.895828167263057,15.131872873056674
9.974303163994316,14.509477170930158
10.247458384038609,14.679971440656837
10.616861005868321,14.588042072893295
9.987371610751625,14.914759305688913
10.304088284542756,14.285924354613453
9.840664360538058,14.87586895065495
9.689669448001913,15.388010266323674
10.239908545398157,14.605281434099373
10.280462239490973,14.289786360760864
10.5577364441555,14.76172369298184
10.328929152393224,14.384993059176287
10.468618952054184,14.955075014742915
9.742373432973473,14.834993826297763
10.240177016486246,15.264470601766625
9.510967230434856,15.322653093400959
9.589035620795462,15.18906406615286
9.796194509460298,14.830129284412385
9.889089037081627,15.096565440626609
9.814800223168263,15.201337743882931
9.563066908926444,15.85897112555845
9.811676280698114,14.460948549805797
9.64760211123268,15.30132948809995
9.884678071461057,15.254591102077383
10.410056902563412,14.88299618459437
9.881968592475321,14.534641840725378
10.149369893191963,14.720370635604988
9.840782459578397,14.652522561602524
9.99359778975772,15.242334591227014
10.219889362324698,15.13532418663289
9.666324780016488,14.800045790782622
9.847422306855295,15.006009660171369
9.81470727087909,15.047500565144377
9.787412195086356,15.174471672447057
9.968275715164236,14.87511358940256
9.916309016677047,15.149111965499056
10.02090911568333,15.515044315698939
10.964428399713446,15.193421733843074
9.77232469532274,14.87930508534869
9.940230921885739,14.818115956639321
10.3004743324566,14.967975651087691
9.830850229668577,14.755153886130328
10.325063947606386,15.024068242876924
9.957863584574712,14.71596776768063
9.29422580239499,14.90303926050163
10.453931310135888,15.175030438100057
10.627845986046509,14.892548666029395
10.090530912463578,15.059971697420018
9.879841023196487,14.90978930220876
9.520535163655873,15.236552136377355
9.63418629022165,15.161283759309837
9.983399226583899,15.025615280391474
10.161330328688102,14.917555088230017
10.253008728585659,15.099645048514068
10.433886077151534,15.111209061063708
9.984576002197253,14.978988828708582
10.290539915905041,14.949693222322201
9.874287765571074,15.125743050260139
9.387947191174293,15.07249316332213
9.849941602836918,15.699796792166827
9.932897622917453,14.914348345928435
9.892779541505941,14.941857353372493
10.423187644116044,15.100036652754811
10.82389056327242,14.65028709497807
9.04449864228328,14.660185833358614
10.012360795542964,14.689257282908272
9.822995329470404,15.36320511991849
10.397171241647749,15.190102022035724
9.65788101501538,14.95688853936465
10.582249341025651,15.497011611307832
9.705761159770208,14.806461089329433
9.8509380286318,15.086913600941857
9.766741534919593,15.266734486583237
10.748903310196363,15.206580694762772
10.12108053335411,15.316163725767346
10.186190438725598,14.927835642854761
10.263426209606939,14.836515202149142
9.757175470885569,15.164761766898845
9.904486514686612,14.908795034058027
9.595898444309631,14.830036064793452
9.8414482457774,14.863251066536476
10.406178520353265,14.491766522093824
9.868497673952014,14.56044742303671
10.568447710563309,15.346235077682953
10.09697502645405,15.183722680734267
9.706339020537085,15.364964806417369
10.30538449924956,15.328932497055062
10.198527129865239,15.238596714858256
10.037813233972587,14.690789675102659
9.582126067717141,15.471832201058113
9.549852482806635,14.974664309133637
